id,rle_mask
ff7dc78a2c,1 101 202 1 303 1 404 1 505 1 606 1 707 1 808 1 909 1 1010 1 1111 1 1212 1 1313 1 1414 1 1515 1 1616 1 1717 1 1818 1 1919 1 2020 1 2121 1 2222 1 2323 1 2424 1 2525 1 2626 1 2727 1 2828 1 2929 1 3030 1 3131 1 3232 1 3333 1 3434 1 3535 1 3636 1 3737 1 3838 1 3939 1 4040 1 4141 1 4242 1 4343 1 4444 1 4545 1 4646 1 4747 1 4848 1 4949 1 5050 1 5151 1 5252 1 5353 1 5454 1 5555 1 5656 1 5757 1 5858 1 5959 1 6060 1 6161 1 6262 1 6363 1 6464 1 6565 1 6666 1 6767 1 6868 1 6969 1 7070 1 7171 1 7272 1 7373 1 7474 1 7575 1 7676 1 7777 1 7878 1 7979 1 8080 1 8181 1 8282 1 8383 1 8484 1 8585 1 8686 1 8787 1 8888 1 8989 1 9090 1 9191 1 9292 1 9393 1 9494 1 9595 1 9696 1 9797 1 9898 1 9999 1 10100 1 10201 1
e5fdf421a1,1 101 202 1 303 1 404 1 505 1 606 1 707 1 808 1 909 1 1010 1 1111 1 1212 1 1313 1 1414 1 1515 1 1616 1 1717 1 1818 1 1919 1 2020 1 2121 1 2222 1 2323 1 2424 1 2525 1 2626 1 2727 1 2828 1 2929 1 3030 1 3131 1 3232 1 3333 1 3434 1 3535 1 3636 1 3737 1 3838 1 3939 1 4040 1 4141 1 4242 1 4343 1 4444 1 4545 1 4646 1 4747 1 4848 1 4949 1 5050 1 5151 1 5252 1 5353 1 5454 1 5555 1 5656 1 5757 1 5858 1 5959 1 6060 1 6161 1 6262 1 6363 1 6464 1 6565 1 6666 1 6767 1 6868 1 6969 1 7070 1 7171 1 7272 1 7373 1 7474 1 7575 1 7676 1 7777 1 7878 1 7979 1 8080 1 8181 1 8282 1 8383 1 8484 1 8585 1 8686 1 8787 1 8888 1 8989 1 9090 1 9191 1 9292 1 9393 1 9494 1 9595 1 9696 1 9797 1 9898 1 9999 1 10100 1 10201 1
47cd9710fd,1 101 202 1 303 1 404 1 505 1 606 1 707 1 808 1 909 1 1010 1 1111 1 1212 1 1313 1 1414 1 1515 1 1616 1 1717 1 1818 1 1919 1 2020 1 2121 1 2222 1 2323 1 2424 1 2525 1 2626 1 2727 1 2828 1 2929 1 3030 1 3131 1 3232 1 3333 1 3434 1 3535 1 3636 1 3737 1 3838 1 3939 1 4040 1 4141 1 4242 1 4343 1 4444 1 4545 1 4646 1 4747 1 4848 1 4949 1 5050 1 5151 1 5252 1 5353 1 5454 1 5555 1 5656 1 5757 1 5858 1 5959 1 6060 1 6161 1 6262 1 6363 1 6464 1 6565 1 6666 1 6767 1 6868 1 6969 1 7070 1 7171 1 7272 1 7373 1 7474 1 7575 1 7676 1 7777 1 7878 1 7979 1 8080 1 8181 1 8282 1 8383 1 8484 1 8585 1 8686 1 8787 1 8888 1 8989 1 9090 1 9191 1 9292 1 9393 1 9494 1 9595 1 9696 1 9797 1 9898 1 9999 1 10100 1 10201 1
3bc23c3ac7,1 101 202 1 303 1 404 1 505 1 606 1 707 1 808 1 909 1 1010 1 1111 1 1212 1 1313 1 1414 1 1515 1 1616 1 1717 1 1818 1 1919 1 2020 1 2121 1 2222 1 2323 1 2424 1 2525 1 2626 1 2727 1 2828 1 2929 1 3030 1 3131 1 3232 1 3333 1 3434 1 3535 1 3636 1 3737 1 3838 1 3939 1 4040 1 4141 1 4242 1 4343 1 4444 1 4545 1 4646 1 4747 1 4848 1 4949 1 5050 1 5151 1 5252 1 5353 1 5454 1 5555 1 5656 1 5757 1 5858 1 5959 1 6060 1 6161 1 6262 1 6363 1 6464 1 6565 1 6666 1 6767 1 6868 1 6969 1 7070 1 7171 1 7272 1 7373 1 7474 1 7575 1 7676 1 7777 1 7878 1 7979 1 8080 1 8181 1 8282 1 8383 1 8484 1 8585 1 8686 1 8787 1 8888 1 8989 1 9090 1 9191 1 9292 1 9393 1 9494 1 9595 1 9696 1 9797 1 9898 1 9999 1 10100 1 10201 1
dbdfc912ac,1 101 202 1 303 1 404 1 505 1 606 1 707 1 808 1 909 1 1010 1 1111 1 1212 1 1313 1 1414 1 1515 1 1616 1 1717 1 1818 1 1919 1 2020 1 2121 1 2222 1 2323 1 2424 1 2525 1 2626 1 2727 1 2828 1 2929 1 3030 1 3131 1 3232 1 3333 1 3434 1 3535 1 3636 1 3737 1 3838 1 3939 1 4040 1 4141 1 4242 1 4343 1 4444 1 4545 1 4646 1 4747 1 4848 1 4949 1 5050 1 5151 1 5252 1 5353 1 5454 1 5555 1 5656 1 5757 1 5858 1 5959 1 6060 1 6161 1 6262 1 6363 1 6464 1 6565 1 6666 1 6767 1 6868 1 6969 1 7070 1 7171 1 7272 1 7373 1 7474 1 7575 1 7676 1 7777 1 7878 1 7979 1 8080 1 8181 1 8282 1 8383 1 8484 1 8585 1 8686 1 8787 1 8888 1 8989 1 9090 1 9191 1 9292 1 9393 1 9494 1 9595 1 9696 1 9797 1 9898 1 9999 1 10100 1 10201 1
fc01432146,1 101 202 1 303 1 404 1 505 1 606 1 707 1 808 1 909 1 1010 1 1111 1 1212 1 1313 1 1414 1 1515 1 1616 1 1717 1 1818 1 1919 1 2020 1 2121 1 2222 1 2323 1 2424 1 2525 1 2626 1 2727 1 2828 1 2929 1 3030 1 3131 1 3232 1 3333 1 3434 1 3535 1 3636 1 3737 1 3838 1 3939 1 4040 1 4141 1 4242 1 4343 1 4444 1 4545 1 4646 1 4747 1 4848 1 4949 1 5050 1 5151 1 5252 1 5353 1 5454 1 5555 1 5656 1 5757 1 5858 1 5959 1 6060 1 6161 1 6262 1 6363 1 6464 1 6565 1 6666 1 6767 1 6868 1 6969 1 7070 1 7171 1 7272 1 7373 1 7474 1 7575 1 7676 1 7777 1 7878 1 7979 1 8080 1 8181 1 8282 1 8383 1 8484 1 8585 1 8686 1 8787 1 8888 1 8989 1 9090 1 9191 1 9292 1 9393 1 9494 1 9595 1 9696 1 9797 1 9898 1 9999 1 10100 1 10201 1
7b8bada98a,1 101 202 1 303 1 404 1 505 1 606 1 707 1 808 1 909 1 1010 1 1111 1 1212 1 1313 1 1414 1 1515 1 1616 1 1717 1 1818 1 1919 1 2020 1 2121 1 2222 1 2323 1 2424 1 2525 1 2626 1 2727 1 2828 1 2929 1 3030 1 3131 1 3232 1 3333 1 3434 1 3535 1 3636 1 3737 1 3838 1 3939 1 4040 1 4141 1 4242 1 4343 1 4444 1 4545 1 4646 1 4747 1 4848 1 4949 1 5050 1 5151 1 5252 1 5353 1 5454 1 5555 1 5656 1 5757 1 5858 1 5959 1 6060 1 6161 1 6262 1 6363 1 6464 1 6565 1 6666 1 6767 1 6868 1 6969 1 7070 1 7171 1 7272 1 7373 1 7474 1 7575 1 7676 1 7777 1 7878 1 7979 1 8080 1 8181 1 8282 1 8383 1 8484 1 8585 1 8686 1 8787 1 8888 1 8989 1 9090 1 9191 1 9292 1 9393 1 9494 1 9595 1 9696 1 9797 1 9898 1 9999 1 10100 1 10201 1
9bf7bee899,1 101 202 1 303 1 404 1 505 1 606 1 707 1 808 1 909 1 1010 1 1111 1 1212 1 1313 1 1414 1 1515 1 1616 1 1717 1 1818 1 1919 1 2020 1 2121 1 2222 1 2323 1 2424 1 2525 1 2626 1 2727 1 2828 1 2929 1 3030 1 3131 1 3232 1 3333 1 3434 1 3535 1 3636 1 3737 1 3838 1 3939 1 4040 1 4141 1 4242 1 4343 1 4444 1 4545 1 4646 1 4747 1 4848 1 4949 1 5050 1 5151 1 5252 1 5353 1 5454 1 5555 1 5656 1 5757 1 5858 1 5959 1 6060 1 6161 1 6262 1 6363 1 6464 1 6565 1 6666 1 6767 1 6868 1 6969 1 7070 1 7171 1 7272 1 7373 1 7474 1 7575 1 7676 1 7777 1 7878 1 7979 1 8080 1 8181 1 8282 1 8383 1 8484 1 8585 1 8686 1 8787 1 8888 1 8989 1 9090 1 9191 1 9292 1 9393 1 9494 1 9595 1 9696 1 9797 1 9898 1 9999 1 10100 1 10201 1
c56c59f691,1 101 202 1 303 1 404 1 505 1 606 1 707 1 808 1 909 1 1010 1 1111 1 1212 1 1313 1 1414 1 1515 1 1616 1 1717 1 1818 1 1919 1 2020 1 2121 1 2222 1 2323 1 2424 1 2525 1 2626 1 2727 1 2828 1 2929 1 3030 1 3131 1 3232 1 3333 1 3434 1 3535 1 3636 1 3737 1 3838 1 3939 1 4040 1 4141 1 4242 1 4343 1 4444 1 4545 1 4646 1 4747 1 4848 1 4949 1 5050 1 5151 1 5252 1 5353 1 5454 1 5555 1 5656 1 5757 1 5858 1 5959 1 6060 1 6161 1 6262 1 6363 1 6464 1 6565 1 6666 1 6767 1 6868 1 6969 1 7070 1 7171 1 7272 1 7373 1 7474 1 7575 1 7676 1 7777 1 7878 1 7979 1 8080 1 8181 1 8282 1 8383 1 8484 1 8585 1 8686 1 8787 1 8888 1 8989 1 9090 1 9191 1 9292 1 9393 1 9494 1 9595 1 9696 1 9797 1 9898 1 9999 1 10100 1 10201 1
a77029244a,1 101 202 1 303 1 404 1 505 1 606 1 707 1 808 1 909 1 1010 1 1111 1 1212 1 1313 1 1414 1 1515 1 1616 1 1717 1 1818 1 1919 1 2020 1 2121 1 2222 1 2323 1 2424 1 2525 1 2626 1 2727 1 2828 1 2929 1 3030 1 3131 1 3232 1 3333 1 3434 1 3535 1 3636 1 3737 1 3838 1 3939 1 4040 1 4141 1 4242 1 4343 1 4444 1 4545 1 4646 1 4747 1 4848 1 4949 1 5050 1 5151 1 5252 1 5353 1 5454 1 5555 1 5656 1 5757 1 5858 1 5959 1 6060 1 6161 1 6262 1 6363 1 6464 1 6565 1 6666 1 6767 1 6868 1 6969 1 7070 1 7171 1 7272 1 7373 1 7474 1 7575 1 7676 1 7777 1 7878 1 7979 1 8080 1 8181 1 8282 1 8383 1 8484 1 8585 1 8686 1 8787 1 8888 1 8989 1 9090 1 9191 1 9292 1 9393 1 9494 1 9595 1 9696 1 9797 1 9898 1 9999 1 10100 1 10201 1
